/*
Navicat MySQL Data Transfer

Source Server         : localhost_3306
Source Server Version : 50721
Source Host           : localhost:3306
Source Database       : campusdate

Target Server Type    : MYSQL
Target Server Version : 50721
File Encoding         : 65001

Date: 2018-05-19 05:49:11
*/

SET FOREIGN_KEY_CHECKS=0;

-- ----------------------------
-- Table structure for `dept`
-- ----------------------------
DROP TABLE IF EXISTS `dept`;
CREATE TABLE `dept` (
  `id` bigint(20) NOT NULL,
  `dept_code` varchar(2) NOT NULL,
  `dept_name` varchar(50) NOT NULL,
  `dept_note` varchar(500) DEFAULT NULL,
  PRIMARY KEY (`id`),
  KEY `dept_code` (`dept_code`)
) ENGINE=InnoDB DEFAULT CHARSET=utf8;

-- ----------------------------
-- Records of dept
-- ----------------------------
INSERT INTO `dept` VALUES ('1', '01', '汽车工程学院', null);
INSERT INTO `dept` VALUES ('2', '02', '信息科学与工程学院', null);
INSERT INTO `dept` VALUES ('3', '03', '管理学院', null);
INSERT INTO `dept` VALUES ('4', '04', '计算机科学与技术学院', null);
INSERT INTO `dept` VALUES ('5', '05', '外国语学院', null);
INSERT INTO `dept` VALUES ('6', '06', '数学系', null);
INSERT INTO `dept` VALUES ('7', '07', '海洋学院', null);
INSERT INTO `dept` VALUES ('8', '08', '材料科学与工程学院', null);
INSERT INTO `dept` VALUES ('9', '09', '船舶学院', null);
INSERT INTO `dept` VALUES ('10', '10', '光电科学系', null);
INSERT INTO `dept` VALUES ('11', '11', '软件学院', null);
INSERT INTO `dept` VALUES ('12', '12', '土木工程系', null);
INSERT INTO `dept` VALUES ('13', '13', '人文学院', null);
INSERT INTO `dept` VALUES ('14', '14', '新能源', null);
INSERT INTO `dept` VALUES ('15', '99', '其他院系部门', null);
INSERT INTO `dept` VALUES ('16', '00', '所有院系', null);

-- ----------------------------
-- Table structure for `freetime`
-- ----------------------------
DROP TABLE IF EXISTS `freetime`;
CREATE TABLE `freetime` (
  `id` bigint(20) NOT NULL AUTO_INCREMENT,
  `free_date` varchar(20) NOT NULL,
  `section_code` varchar(2) NOT NULL COMMENT '具体节次',
  `section_name` varchar(50) NOT NULL,
  `owner_id` varchar(20) NOT NULL,
  `owner_name` varchar(50) NOT NULL,
  `free_state` varchar(11) NOT NULL,
  `reserver_id` varchar(200) DEFAULT NULL,
  `reserver_name` varchar(500) DEFAULT NULL,
  `allow_num` int(11) NOT NULL,
  `reserved_num` int(11) NOT NULL,
  `free_note` varchar(500) DEFAULT NULL,
  `reserver_msg` varchar(500) DEFAULT NULL,
  `create_time` datetime NOT NULL,
  `update_time` datetime DEFAULT NULL,
  PRIMARY KEY (`id`),
  KEY `section_code` (`section_code`)
) ENGINE=InnoDB AUTO_INCREMENT=40 DEFAULT CHARSET=utf8;

-- ----------------------------
-- Records of freetime
-- ----------------------------
INSERT INTO `freetime` VALUES ('1', '2018-06-12', '2', '第2小节 08:55-09:45', '36', '温宁', 'free', null, null, '4', '0', '', null, '2018-05-19 02:07:36', '2018-05-19 02:07:36');
INSERT INTO `freetime` VALUES ('2', '2018-05-28', '2', '第2小节 08:55-09:45', '47', '江厌离', 'reserved', '73', '小明', '7', '4', '', '', '2018-05-19 02:07:36', '2018-05-19 05:41:14');
INSERT INTO `freetime` VALUES ('3', '2018-06-08', '3', '第3小节 10:05-10:55', '36', '温宁', 'free', null, null, '6', '0', '', null, '2018-05-19 02:07:36', '2018-05-19 02:07:36');
INSERT INTO `freetime` VALUES ('4', '2018-06-17', '9', '第9小节 19:00-19:50', '57', '金凌', 'reserved', '10', '江厌离', '8', '3', '', '', '2018-05-19 02:07:38', '2018-05-19 04:53:48');
INSERT INTO `freetime` VALUES ('5', '2018-05-22', '5', '第5小节 14:00-14:50', '51', '温宁', 'free', null, null, '9', '0', '', null, '2018-05-19 02:07:38', '2018-05-19 02:07:38');
INSERT INTO `freetime` VALUES ('6', '2018-06-10', '2', '第2小节 08:55-09:45', '3', '魏无羡', 'busy', '9', '温宁', '1', '1', '', '', '2018-05-19 02:07:38', '2018-05-19 03:28:50');
INSERT INTO `freetime` VALUES ('7', '2018-06-01', '8', '第8小节 17:00-17:50', '38', '晓星尘', 'free', null, null, '8', '0', '', null, '2018-05-19 02:07:39', '2018-05-19 02:07:39');
INSERT INTO `freetime` VALUES ('8', '2018-06-06', '7', '第7小节 16:05-16:55', '37', '晓星尘', 'reserved', '13', '宋岚', '6', '1', '', '', '2018-05-19 02:07:39', '2018-05-19 05:32:46');
INSERT INTO `freetime` VALUES ('9', '2018-05-25', '11', '第11小节 21:05-21:55', '61', '蓝愿', 'free', null, null, '2', '0', '', null, '2018-05-19 02:07:39', '2018-05-19 02:07:39');
INSERT INTO `freetime` VALUES ('10', '2018-06-13', '4', '第4小节 11:00-11:50', '33', '金凌', 'reserved', '4', '魏无羡', '6', '1', '', '', '2018-05-19 02:07:40', '2018-05-19 05:19:13');
INSERT INTO `freetime` VALUES ('11', '2018-05-24', '10', '第10小节 19:55-20:45', '26', '金光瑶', 'free', null, null, '8', '0', '', null, '2018-05-19 02:07:40', '2018-05-19 02:07:40');
INSERT INTO `freetime` VALUES ('12', '2018-06-07', '2', '第2小节 08:55-09:45', '65', '魏无羡', 'reserved', '4', '魏无羡', '7', '1', '', '', '2018-05-19 02:07:40', '2018-05-19 05:18:50');
INSERT INTO `freetime` VALUES ('13', '2018-06-08', '1', '第1小节 08:00-08:50', '57', '金凌', 'free', null, null, '9', '0', '', null, '2018-05-19 02:07:41', '2018-05-19 02:07:41');
INSERT INTO `freetime` VALUES ('14', '2018-06-03', '3', '第3小节 10:05-10:55', '53', '温宁', 'reserved', '25', '蓝曦臣', '6', '1', '', '', '2018-05-19 02:07:41', '2018-05-19 05:22:01');
INSERT INTO `freetime` VALUES ('15', '2018-06-14', '8', '第8小节 17:00-17:50', '42', '温如冰', 'reserved', '17', '江厌离', '6', '3', '', '', '2018-05-19 02:07:41', '2018-05-19 04:40:48');
INSERT INTO `freetime` VALUES ('16', '2018-06-13', '3', '第3小节 10:05-10:55', '51', '温宁', 'free', null, null, '4', '0', '', null, '2018-05-19 02:07:42', '2018-05-19 02:07:42');
INSERT INTO `freetime` VALUES ('17', '2018-05-26', '11', '第11小节 21:05-21:55', '67', '蓝愿', 'free', null, null, '7', '0', '', null, '2018-05-19 02:07:42', '2018-05-19 02:07:42');
INSERT INTO `freetime` VALUES ('18', '2018-06-02', '8', '第8小节 17:00-17:50', '3', '魏无羡', 'free', null, null, '9', '0', '', null, '2018-05-19 02:07:42', '2018-05-19 02:07:42');
INSERT INTO `freetime` VALUES ('19', '2018-05-28', '10', '第10小节 19:55-20:45', '58', '温宁', 'reserved', '25', '蓝曦臣', '6', '1', '', '', '2018-05-19 02:07:42', '2018-05-19 05:22:29');
INSERT INTO `freetime` VALUES ('20', '2018-05-23', '5', '第5小节 14:00-14:50', '23', '晓星尘', 'busy', '21', '蓝愿', '5', '6', '', '', '2018-05-19 02:07:43', '2018-05-19 04:11:16');
INSERT INTO `freetime` VALUES ('21', '2018-05-28', '3', '第3小节 10:05-10:55', '26', '金光瑶', 'free', null, null, '3', '0', '', null, '2018-05-19 02:07:43', '2018-05-19 02:07:43');
INSERT INTO `freetime` VALUES ('22', '2018-05-28', '4', '第4小节 11:00-11:50', '6', '江厌离', 'free', null, null, '4', '0', '', null, '2018-05-19 02:07:43', '2018-05-19 02:07:43');
INSERT INTO `freetime` VALUES ('23', '2018-06-17', '8', '第8小节 17:00-17:50', '53', '温宁', 'reserved', '15', '温宁', '6', '4', '', '', '2018-05-19 02:07:49', '2018-05-19 04:59:00');
INSERT INTO `freetime` VALUES ('24', '2018-06-13', '5', '第5小节 14:00-14:50', '51', '温宁', 'free', null, null, '3', '0', '', null, '2018-05-19 02:07:49', '2018-05-19 02:07:49');
INSERT INTO `freetime` VALUES ('25', '2018-05-31', '5', '第5小节 14:00-14:50', '26', '金光瑶', 'free', '13', '宋岚', '6', '1', '', '', '2018-05-19 02:07:50', '2018-05-19 02:58:29');
INSERT INTO `freetime` VALUES ('26', '2018-06-10', '10', '第10小节 19:55-20:45', '36', '温宁', 'free', null, null, '9', '0', '', null, '2018-05-19 02:07:50', '2018-05-19 02:07:50');
INSERT INTO `freetime` VALUES ('27', '2018-06-01', '10', '第10小节 19:55-20:45', '39', '金光瑶', 'free', null, null, '4', '0', '', null, '2018-05-19 02:07:54', '2018-05-19 02:07:54');
INSERT INTO `freetime` VALUES ('28', '2018-05-26', '5', '第5小节 14:00-14:50', '3', '魏无羡', 'free', null, null, '3', '0', '', null, '2018-05-19 02:07:54', '2018-05-19 02:07:54');
INSERT INTO `freetime` VALUES ('29', '2018-06-06', '6', '第6小节 14:55-15:45', '71', '温如冰', 'free', null, null, '8', '0', '', null, '2018-05-19 02:08:04', '2018-05-19 02:08:04');
INSERT INTO `freetime` VALUES ('30', '2018-06-15', '4', '第4小节 11:00-11:50', '47', '江厌离', 'free', null, null, '2', '0', '', null, '2018-05-19 02:08:04', '2018-05-19 02:08:04');
INSERT INTO `freetime` VALUES ('31', '2018-06-03', '1', '第1小节 08:00-08:50', '38', '晓星尘', 'free', null, null, '9', '0', '', null, '2018-05-19 02:08:05', '2018-05-19 02:08:05');
INSERT INTO `freetime` VALUES ('32', '2018-05-25', '6', '第6小节 14:55-15:45', '67', '蓝愿', 'free', null, null, '9', '0', '', null, '2018-05-19 02:08:05', '2018-05-19 02:08:05');
INSERT INTO `freetime` VALUES ('33', '2018-05-28', '6', '第6小节 14:55-15:45', '47', '江厌离', 'free', null, null, '7', '0', '', null, '2018-05-19 02:08:05', '2018-05-19 02:08:05');
INSERT INTO `freetime` VALUES ('34', '2018-05-29', '8', '第8小节 17:00-17:50', '69', '宋岚', 'busy', '17', '江厌离', '1', '1', '', '', '2018-05-19 02:08:05', '2018-05-19 04:36:15');
INSERT INTO `freetime` VALUES ('35', '2018-06-09', '9', '第9小节 19:00-19:50', '56', '蓝忘机', 'reserved', '4', '魏无羡', '4', '1', '', '', '2018-05-19 02:08:06', '2018-05-19 05:18:13');
INSERT INTO `freetime` VALUES ('36', '2018-06-06', '4', '第4小节 11:00-11:50', '53', '温宁', 'free', null, null, '8', '0', '', null, '2018-05-19 02:08:06', '2018-05-19 02:08:06');
INSERT INTO `freetime` VALUES ('37', '2018-06-05', '4', '第4小节 11:00-11:50', '61', '蓝愿', 'reserved', '64', '蓝忘机', '4', '1', '', '', '2018-05-19 02:08:07', '2018-05-19 05:21:03');
INSERT INTO `freetime` VALUES ('38', '2018-05-25', '5', '第5小节 14:00-14:50', '74', '李老师', 'free', null, null, '1', '0', '', null, '2018-05-19 05:46:32', null);
INSERT INTO `freetime` VALUES ('39', '2018-05-23', '3', '第3小节 10:05-10:55', '74', '李老师', 'free', null, null, '1', '0', '', null, '2018-05-19 05:47:27', null);

-- ----------------------------
-- Table structure for `section`
-- ----------------------------
DROP TABLE IF EXISTS `section`;
CREATE TABLE `section` (
  `id` bigint(20) NOT NULL,
  `section_code` varchar(2) NOT NULL,
  `section_name` varchar(50) NOT NULL,
  `section_note` varchar(500) DEFAULT NULL,
  `section_start_time` time DEFAULT NULL,
  `section_end_time` time DEFAULT NULL,
  PRIMARY KEY (`id`),
  KEY `section_code` (`section_code`)
) ENGINE=InnoDB DEFAULT CHARSET=utf8;

-- ----------------------------
-- Records of section
-- ----------------------------
INSERT INTO `section` VALUES ('1', '1', '第1小节 08:00-08:50', null, null, null);
INSERT INTO `section` VALUES ('2', '2', '第2小节 08:55-09:45', null, null, null);
INSERT INTO `section` VALUES ('3', '3', '第3小节 10:05-10:55', null, null, null);
INSERT INTO `section` VALUES ('4', '4', '第4小节 11:00-11:50', null, null, null);
INSERT INTO `section` VALUES ('5', '5', '第5小节 14:00-14:50', null, null, null);
INSERT INTO `section` VALUES ('6', '6', '第6小节 14:55-15:45', null, null, null);
INSERT INTO `section` VALUES ('7', '7', '第7小节 16:05-16:55', null, null, null);
INSERT INTO `section` VALUES ('8', '8', '第8小节 17:00-17:50', null, null, null);
INSERT INTO `section` VALUES ('9', '9', '第9小节 19:00-19:50', null, null, null);
INSERT INTO `section` VALUES ('10', '10', '第10小节 19:55-20:45', null, null, null);
INSERT INTO `section` VALUES ('11', '11', '第11小节 21:05-21:55', null, null, null);

-- ----------------------------
-- Table structure for `user`
-- ----------------------------
DROP TABLE IF EXISTS `user`;
CREATE TABLE `user` (
  `id` bigint(20) NOT NULL AUTO_INCREMENT,
  `email` varchar(30) CHARACTER SET utf8 COLLATE utf8_bin NOT NULL,
  `password` varchar(60) NOT NULL,
  `user_group` varchar(10) NOT NULL DEFAULT '',
  `user_state` varchar(11) NOT NULL DEFAULT '',
  `user_name` varchar(60) NOT NULL DEFAULT '',
  `dept_code` varchar(2) NOT NULL DEFAULT '' COMMENT '院系代码，学号3-4位',
  `user_intro` varchar(500) DEFAULT NULL,
  `create_time` datetime NOT NULL,
  `update_time` datetime NOT NULL,
  `last_login_time` datetime NOT NULL,
  `user_sex` varchar(10) DEFAULT NULL,
  `user_phone` varchar(15) DEFAULT NULL,
  PRIMARY KEY (`id`),
  UNIQUE KEY `email` (`email`) USING BTREE
) ENGINE=InnoDB AUTO_INCREMENT=75 DEFAULT CHARSET=utf8;

-- ----------------------------
-- Records of user
-- ----------------------------
INSERT INTO `user` VALUES ('1', '140210115@stu.hit.edu.cn', '470908437210483227187612295559357336079187711756', 'student', 'uncheck', '温宁', '02', '', '2018-05-18 23:36:44', '2018-05-18 23:36:44', '2018-05-18 23:36:44', '女', '178652533996');
INSERT INTO `user` VALUES ('2', '18125050124@stu.hit.edu.cn', '436215297635677146224909699291096490619568670579', 'teacher', 'uncheck', '蓝曦臣', '12', '', '2018-05-18 23:36:45', '2018-05-18 23:36:45', '2018-05-18 23:36:45', '男', '178627096977');
INSERT INTO `user` VALUES ('3', '1814505169@stu.hit.edu.cn', '542273425488301150688334405073665485016583188349', 'teacher', 'uncheck', '魏无羡', '14', '', '2018-05-18 23:36:45', '2018-05-18 23:36:45', '2018-05-18 23:36:45', '女', '178631324924');
INSERT INTO `user` VALUES ('4', '1610303117@stu.hit.edu.cn', '-41068996843929275973274783410779769749893649668', 'student', 'uncheck', '魏无羡', '10', '', '2018-05-18 23:36:45', '2018-05-18 23:36:45', '2018-05-18 23:36:45', '女', '178631358482');
INSERT INTO `user` VALUES ('5', '1501202136@stu.hit.edu.cn', '44989871372715196914789097519243595348141245159', 'teacher', 'uncheck', '金凌', '01', '', '2018-05-18 23:36:46', '2018-05-18 23:36:46', '2018-05-18 23:36:46', '男', '178627059043');
INSERT INTO `user` VALUES ('6', '16113030127@stu.hit.edu.cn', '-726159512174268575621404439930220827239639652324', 'teacher', 'uncheck', '江厌离', '11', '', '2018-05-18 23:36:46', '2018-05-18 23:36:46', '2018-05-18 23:36:46', '女', '178652599905');
INSERT INTO `user` VALUES ('7', '1409101105@stu.hit.edu.cn', '-333556405000064557746541213689101154818427627369', 'student', 'uncheck', '蓝忘机', '09', '', '2018-05-18 23:36:46', '2018-05-18 23:36:46', '2018-05-18 23:36:46', '女', '178631317168');
INSERT INTO `user` VALUES ('8', '1608303167@stu.hit.edu.cn', '-254698833645119495619005175750018814843176682313', 'alu', 'uncheck', '温如冰', '08', '', '2018-05-18 23:36:47', '2018-05-18 23:36:47', '2018-05-18 23:36:47', '女', '178652512197');
INSERT INTO `user` VALUES ('9', '1614303197@stu.hit.edu.cn', '106396530179488391854693165979885864224096894870', 'alu', 'uncheck', '温宁', '14', '', '2018-05-18 23:36:47', '2018-05-18 23:36:47', '2018-05-18 23:36:47', '女', '178631324955');
INSERT INTO `user` VALUES ('10', '1510202036@stu.hit.edu.cn', '146418900179770531708301797787198643865047441878', 'student', 'uncheck', '江厌离', '10', '', '2018-05-18 23:36:47', '2018-05-18 23:36:47', '2018-05-18 23:36:47', '男', '178627081355');
INSERT INTO `user` VALUES ('11', '161130302@stu.hit.edu.cn', '271199660193112971313362842270572010765795211754', 'alu', 'uncheck', '温宁', '11', '', '2018-05-18 23:36:48', '2018-05-18 23:36:48', '2018-05-18 23:36:48', '男', '178643117570');
INSERT INTO `user` VALUES ('12', '169930377@stu.hit.edu.cn', '704019475616440062766319006976959023505117096237', 'alu', 'uncheck', '宋岚', '99', '', '2018-05-18 23:36:48', '2018-05-18 23:36:48', '2018-05-18 23:36:48', '女', '178631321907');
INSERT INTO `user` VALUES ('13', '18045050129@stu.hit.edu.cn', '286584880224984203485229884426420840858591559159', 'student', 'uncheck', '宋岚', '04', '', '2018-05-18 23:36:48', '2018-05-18 23:36:48', '2018-05-18 23:36:48', '女', '178631354271');
INSERT INTO `user` VALUES ('14', '1707404198@stu.hit.edu.cn', '241414439503224172775223406610422065039942269652', 'student', 'uncheck', '薛洋', '07', '', '2018-05-18 23:36:49', '2018-05-18 23:36:49', '2018-05-18 23:36:49', '男', '178643150583');
INSERT INTO `user` VALUES ('15', '149910115@stu.hit.edu.cn', '580363265036805739762060184061842376153586687509', 'student', 'uncheck', '温宁', '99', '', '2018-05-18 23:36:49', '2018-05-18 23:36:49', '2018-05-18 23:36:49', '女', '178652543472');
INSERT INTO `user` VALUES ('16', '1613303162@stu.hit.edu.cn', '-494836753408262042124774867574717423670316523399', 'student', 'uncheck', '金凌', '13', '', '2018-05-18 23:37:00', '2018-05-18 23:37:00', '2018-05-18 23:37:00', '男', '178643171210');
INSERT INTO `user` VALUES ('17', '1812505179@stu.hit.edu.cn', '343132488345938823647439363090027888825582207686', 'alu', 'uncheck', '江厌离', '12', '', '2018-05-18 23:37:01', '2018-05-18 23:37:01', '2018-05-18 23:37:01', '女', '178652568953');
INSERT INTO `user` VALUES ('18', '18085050189@stu.hit.edu.cn', '294482316745980455863811171985278632449866604259', 'student', 'uncheck', '蓝曦臣', '08', '', '2018-05-18 23:37:01', '2018-05-18 23:37:01', '2018-05-18 23:37:01', '女', '178631376061');
INSERT INTO `user` VALUES ('19', '1610303167@stu.hit.edu.cn', '-71724959368475911944859654655420808507474316713', 'alu', 'uncheck', '温如冰', '10', '', '2018-05-18 23:37:01', '2018-05-18 23:37:01', '2018-05-18 23:37:01', '女', '178652549419');
INSERT INTO `user` VALUES ('20', '1608303162@stu.hit.edu.cn', '258982752948088146223212851047248683578155177861', 'student', 'uncheck', '金凌', '08', '', '2018-05-18 23:37:02', '2018-05-18 23:37:02', '2018-05-18 23:37:02', '男', '178643182745');
INSERT INTO `user` VALUES ('21', '170140483@stu.hit.edu.cn', '695116580461084652481088063574944437460022993767', 'alu', 'uncheck', '蓝愿', '01', '', '2018-05-18 23:37:02', '2018-05-18 23:37:02', '2018-05-18 23:37:02', '女', '178652598990');
INSERT INTO `user` VALUES ('22', '150820206@stu.hit.edu.cn', '-4399188861016966665411648398006865614572232609', 'student', 'uncheck', '金凌', '08', '', '2018-05-18 23:37:02', '2018-05-18 23:37:02', '2018-05-18 23:37:02', '男', '178643135007');
INSERT INTO `user` VALUES ('23', '15082020121@stu.hit.edu.cn', '489615101074527455245498745222168434008222577571', 'teacher', 'uncheck', '晓星尘', '08', '', '2018-05-18 23:37:03', '2018-05-18 23:37:03', '2018-05-19 03:31:37', '女', '178631380133');
INSERT INTO `user` VALUES ('24', '1502202196@stu.hit.edu.cn', '-74401187903553554673156894198204235668323935276', 'teacher', 'uncheck', '蓝忘机', '02', '', '2018-05-18 23:37:03', '2018-05-18 23:37:03', '2018-05-18 23:37:03', '男', '178627084999');
INSERT INTO `user` VALUES ('25', '140510130@stu.hit.edu.cn', '101801853329555524711701879704013613980016328403', 'student', 'uncheck', '蓝曦臣', '05', '', '2018-05-18 23:37:03', '2018-05-18 23:37:03', '2018-05-18 23:37:03', '男', '178643123127');
INSERT INTO `user` VALUES ('26', '1604303112@stu.hit.edu.cn', '-628384947089615384849795301857485133042340399314', 'teacher', 'uncheck', '金光瑶', '04', '', '2018-05-18 23:37:04', '2018-05-18 23:37:04', '2018-05-18 23:37:04', '男', '178627069877');
INSERT INTO `user` VALUES ('27', '180450529@stu.hit.edu.cn', '-128859956017582099481651146617994515136009252264', 'alu', 'uncheck', '薛洋', '04', '', '2018-05-18 23:37:04', '2018-05-18 23:37:04', '2018-05-18 23:37:04', '女', '178631314952');
INSERT INTO `user` VALUES ('28', '180750544@stu.hit.edu.cn', '588705817282335951617238542823203349702148330405', 'alu', 'uncheck', '蓝愿', '07', '', '2018-05-18 23:37:04', '2018-05-18 23:37:04', '2018-05-18 23:37:04', '男', '178627016780');
INSERT INTO `user` VALUES ('29', '1801505164@stu.hit.edu.cn', '5547447625278182991869647565934525581654626573', 'alu', 'uncheck', '金光瑶', '01', '', '2018-05-18 23:37:04', '2018-05-18 23:37:04', '2018-05-18 23:37:04', '男', '178627093502');
INSERT INTO `user` VALUES ('30', '1507202136@stu.hit.edu.cn', '-364256337339925439596770436345194315226734544573', 'teacher', 'uncheck', '金凌', '07', '', '2018-05-18 23:37:05', '2018-05-18 23:37:05', '2018-05-18 23:37:05', '男', '178627053742');
INSERT INTO `user` VALUES ('31', '1807505164@stu.hit.edu.cn', '520470638435655613821727074588290284229203396478', 'alu', 'uncheck', '金光瑶', '07', '', '2018-05-18 23:37:05', '2018-05-18 23:37:05', '2018-05-18 23:37:05', '男', '178627080469');
INSERT INTO `user` VALUES ('32', '1402101135@stu.hit.edu.cn', '154591916358123921264890366557557701702299954002', 'student', 'uncheck', '蓝愿', '02', '', '2018-05-18 23:37:06', '2018-05-18 23:37:06', '2018-05-18 23:37:06', '女', '178652585149');
INSERT INTO `user` VALUES ('33', '180250519@stu.hit.edu.cn', '-509864019331433738289998832273688939064982246124', 'teacher', 'uncheck', '金凌', '02', '', '2018-05-18 23:37:06', '2018-05-18 23:37:06', '2018-05-18 23:37:06', '女', '178652574060');
INSERT INTO `user` VALUES ('34', '18045050124@stu.hit.edu.cn', '-516824546299032739516997284427465792550156839008', 'teacher', 'uncheck', '蓝曦臣', '04', '', '2018-05-18 23:37:06', '2018-05-18 23:37:06', '2018-05-18 23:37:06', '男', '178627025560');
INSERT INTO `user` VALUES ('35', '170240418@stu.hit.edu.cn', '698779794677279653498272032028427674957540335629', 'student', 'uncheck', '蓝愿', '02', '', '2018-05-18 23:37:07', '2018-05-18 23:37:07', '2018-05-18 23:37:07', '男', '178643123885');
INSERT INTO `user` VALUES ('36', '1612303067@stu.hit.edu.cn', '727059217046793076110358562300591419910453291984', 'teacher', 'uncheck', '温宁', '12', '', '2018-05-18 23:37:07', '2018-05-18 23:37:07', '2018-05-18 23:37:07', '女', '178652565668');
INSERT INTO `user` VALUES ('37', '171140443@stu.hit.edu.cn', '398312553529142055716146869904273373319031068522', 'teacher', 'uncheck', '晓星尘', '11', '', '2018-05-18 23:37:07', '2018-05-18 23:37:07', '2018-05-18 23:37:07', '女', '178652578610');
INSERT INTO `user` VALUES ('38', '180150504@stu.hit.edu.cn', '-398858838024491984748212212940642584201566260386', 'teacher', 'uncheck', '晓星尘', '01', '', '2018-05-18 23:37:08', '2018-05-18 23:37:08', '2018-05-18 23:37:08', '男', '178627085878');
INSERT INTO `user` VALUES ('39', '1410101190@stu.hit.edu.cn', '-285764027082674304661235804194449281149181321126', 'teacher', 'uncheck', '金光瑶', '10', '', '2018-05-18 23:37:08', '2018-05-18 23:37:08', '2018-05-18 23:37:08', '男', '178643118195');
INSERT INTO `user` VALUES ('40', '140310155@stu.hit.edu.cn', '-56035153651427317559012363626569932500219739823', 'teacher', 'uncheck', '薛洋', '03', '', '2018-05-18 23:37:08', '2018-05-18 23:37:08', '2018-05-18 23:37:08', '女', '178652592194');
INSERT INTO `user` VALUES ('41', '1405101110@stu.hit.edu.cn', '-507629715581262832648929271708749082718782352836', 'alu', 'uncheck', '金凌', '05', '', '2018-05-18 23:37:09', '2018-05-18 23:37:09', '2018-05-18 23:37:09', '男', '178643168108');
INSERT INTO `user` VALUES ('42', '1611303037@stu.hit.edu.cn', '-134028874070935334233405476476866084820882904278', 'teacher', 'uncheck', '温如冰', '11', '', '2018-05-18 23:37:09', '2018-05-18 23:37:09', '2018-05-18 23:37:09', '女', '178631363211');
INSERT INTO `user` VALUES ('43', '171040478@stu.hit.edu.cn', '151965473095007027091682397059806505881290770823', 'student', 'uncheck', '魏无羡', '10', '', '2018-05-18 23:37:09', '2018-05-18 23:37:09', '2018-05-18 23:37:09', '男', '178643131746');
INSERT INTO `user` VALUES ('44', '1803505164@stu.hit.edu.cn', '-237541853494938978528858966769283711065808526418', 'alu', 'uncheck', '金光瑶', '03', '', '2018-05-18 23:37:10', '2018-05-18 23:37:10', '2018-05-18 23:37:10', '男', '178627037133');
INSERT INTO `user` VALUES ('45', '1414101095@stu.hit.edu.cn', '-61051345814786911722861945650197654814455919760', 'alu', 'uncheck', '晓星尘', '14', '', '2018-05-18 23:37:10', '2018-05-18 23:37:10', '2018-05-18 23:37:10', '女', '178652548354');
INSERT INTO `user` VALUES ('46', '1805505164@stu.hit.edu.cn', '-238157223824501690850187697334570542801780556984', 'alu', 'uncheck', '金光瑶', '05', '', '2018-05-18 23:37:10', '2018-05-18 23:37:10', '2018-05-18 23:37:10', '男', '178627071489');
INSERT INTO `user` VALUES ('47', '140110110@stu.hit.edu.cn', '-443339441138774041619169021023754153182035829919', 'teacher', 'uncheck', '江厌离', '01', '', '2018-05-18 23:37:10', '2018-05-18 23:37:10', '2018-05-18 23:37:10', '男', '178643128935');
INSERT INTO `user` VALUES ('48', '1802505194@stu.hit.edu.cn', '-380541857675553741672357947790930072796182935590', 'alu', 'uncheck', '宋岚', '02', '', '2018-05-18 23:37:11', '2018-05-18 23:37:11', '2018-05-18 23:37:11', '男', '178643152046');
INSERT INTO `user` VALUES ('49', '18105050189@stu.hit.edu.cn', '-728950114388527373868481087976083671937889387262', 'student', 'uncheck', '蓝曦臣', '10', '', '2018-05-18 23:37:11', '2018-05-18 23:37:11', '2018-05-18 23:37:11', '女', '178631338659');
INSERT INTO `user` VALUES ('50', '1799404138@stu.hit.edu.cn', '-450638443587019390868516271302755858193875492135', 'student', 'uncheck', '金光瑶', '99', '', '2018-05-18 23:37:11', '2018-05-18 23:37:11', '2018-05-18 23:37:11', '男', '178643189330');
INSERT INTO `user` VALUES ('51', '1608303067@stu.hit.edu.cn', '-116352803338148326753458778243644692649022614786', 'teacher', 'uncheck', '温宁', '08', '', '2018-05-18 23:37:12', '2018-05-18 23:37:12', '2018-05-18 23:37:12', '女', '178652595845');
INSERT INTO `user` VALUES ('52', '151420226@stu.hit.edu.cn', '-637772638599057815118881192130572169017776832140', 'alu', 'uncheck', '魏无羡', '14', '', '2018-05-18 23:37:12', '2018-05-18 23:37:12', '2018-05-18 23:37:12', '男', '178643172818');
INSERT INTO `user` VALUES ('53', '1513202106@stu.hit.edu.cn', '554031364823783798265610485444473205896780429255', 'teacher', 'uncheck', '温宁', '13', '', '2018-05-18 23:37:12', '2018-05-18 23:37:12', '2018-05-18 23:37:12', '男', '178643199233');
INSERT INTO `user` VALUES ('54', '17014040153@stu.hit.edu.cn', '-332249628288653386355370709128195300690076879374', 'student', 'uncheck', '江厌离', '01', '', '2018-05-18 23:37:12', '2018-05-18 23:37:12', '2018-05-18 23:37:12', '女', '178631372606');
INSERT INTO `user` VALUES ('55', '160630357@stu.hit.edu.cn', '-492457429651770032782682253135272023862232029063', 'student', 'uncheck', '蓝愿', '06', '', '2018-05-18 23:37:13', '2018-05-18 23:37:13', '2018-05-18 23:37:13', '女', '178631394489');
INSERT INTO `user` VALUES ('56', '1708404118@stu.hit.edu.cn', '385373187004159436752552967339555605301537085466', 'teacher', 'uncheck', '蓝忘机', '08', '', '2018-05-18 23:37:13', '2018-05-18 23:37:13', '2018-05-18 23:37:13', '男', '178643183227');
INSERT INTO `user` VALUES ('57', '1401101175@stu.hit.edu.cn', '-135993657520549811801976470682015015657184086794', 'teacher', 'uncheck', '金凌', '01', '', '2018-05-18 23:37:13', '2018-05-18 23:37:13', '2018-05-18 23:37:13', '女', '178652580070');
INSERT INTO `user` VALUES ('58', '1512202106@stu.hit.edu.cn', '-327980211407788504437762979491158491067506974776', 'teacher', 'uncheck', '温宁', '12', '', '2018-05-18 23:37:14', '2018-05-18 23:37:14', '2018-05-18 23:37:14', '男', '178643172839');
INSERT INTO `user` VALUES ('59', '18025050129@stu.hit.edu.cn', '-205311754972151956242657700975742462020183378748', 'student', 'uncheck', '宋岚', '02', '', '2018-05-18 23:37:14', '2018-05-18 23:37:14', '2018-05-18 23:37:14', '女', '178631341985');
INSERT INTO `user` VALUES ('60', '141010115@stu.hit.edu.cn', '-42277012702783448674033927443792460304854774987', 'student', 'uncheck', '温宁', '10', '', '2018-05-18 23:37:14', '2018-05-18 23:37:14', '2018-05-18 23:37:14', '女', '178652515671');
INSERT INTO `user` VALUES ('61', '1509202031@stu.hit.edu.cn', '-325583202126711265290468627936157885813641589315', 'teacher', 'uncheck', '蓝愿', '09', '', '2018-05-18 23:37:15', '2018-05-18 23:37:15', '2018-05-18 23:37:15', '女', '178652566908');
INSERT INTO `user` VALUES ('62', '170740453@stu.hit.edu.cn', '-546547145484168797973548927323209614674605363447', 'alu', 'uncheck', '蓝忘机', '07', '', '2018-05-18 23:37:15', '2018-05-18 23:37:15', '2018-05-18 23:37:15', '女', '178631325231');
INSERT INTO `user` VALUES ('63', '1403101175@stu.hit.edu.cn', '196262623557658108744616437958563658740660471406', 'teacher', 'uncheck', '金凌', '03', '', '2018-05-18 23:37:15', '2018-05-18 23:37:15', '2018-05-18 23:37:15', '女', '178652546455');
INSERT INTO `user` VALUES ('64', '1805505144@stu.hit.edu.cn', '-52684277049390829412496326525857826339747439480', 'student', 'uncheck', '蓝忘机', '05', '', '2018-05-18 23:37:16', '2018-05-18 23:37:16', '2018-05-18 23:37:16', '男', '178627048041');
INSERT INTO `user` VALUES ('65', '1406101130@stu.hit.edu.cn', '414780695494301309607631754693041586781388717783', 'teacher', 'uncheck', '魏无羡', '06', '', '2018-05-18 23:37:16', '2018-05-18 23:37:16', '2018-05-18 23:37:16', '男', '178643180498');
INSERT INTO `user` VALUES ('66', '140110145@stu.hit.edu.cn', '335569429261446149841012504022251255441213348893', 'student', 'uncheck', '金凌', '01', '', '2018-05-18 23:37:16', '2018-05-18 23:37:16', '2018-05-18 23:37:16', '女', '178631331857');
INSERT INTO `user` VALUES ('67', '16143030187@stu.hit.edu.cn', '-600406148282353702347378709595355510122485629206', 'teacher', 'uncheck', '蓝愿', '14', '', '2018-05-18 23:37:17', '2018-05-18 23:37:17', '2018-05-18 23:37:17', '女', '178652549770');
INSERT INTO `user` VALUES ('68', '1603303147@stu.hit.edu.cn', '306672690954814214860760013370993809611622299067', 'student', 'uncheck', '晓星尘', '03', '', '2018-05-18 23:37:17', '2018-05-18 23:37:17', '2018-05-18 23:37:17', '女', '178652591326');
INSERT INTO `user` VALUES ('69', '1710404103@stu.hit.edu.cn', '203317075522396192059179236000609705612898474927', 'teacher', 'uncheck', '宋岚', '10', '', '2018-05-18 23:37:17', '2018-05-18 23:37:17', '2018-05-18 23:37:17', '女', '178652573846');
INSERT INTO `user` VALUES ('70', '16093030187@stu.hit.edu.cn', '451078077135207312347512213831929312245985443539', 'teacher', 'uncheck', '蓝愿', '09', '', '2018-05-18 23:37:18', '2018-05-18 23:37:18', '2018-05-18 23:37:18', '女', '178652547451');
INSERT INTO `user` VALUES ('71', '1404101115@stu.hit.edu.cn', '-361735473740377713716974129590900844347161037385', 'teacher', 'uncheck', '温如冰', '04', '', '2018-05-18 23:37:18', '2018-05-18 23:37:18', '2018-05-18 23:37:18', '女', '178652558305');
INSERT INTO `user` VALUES ('72', '180250589@stu.hit.edu.cn', '27448831379610529705458180327439652040322018972', 'alu', 'uncheck', '温如冰', '02', '', '2018-05-18 23:37:18', '2018-05-18 23:37:18', '2018-05-18 23:37:18', '女', '178631393363');
INSERT INTO `user` VALUES ('73', '111', '6346336646398919168922659433408983650167659586', 'student', 'uncheck', '小明', '11', '', '2018-05-19 05:40:46', '2018-05-19 05:40:46', '2018-05-19 05:40:46', null, null);
INSERT INTO `user` VALUES ('74', '222', '-7672297540375830114640665599879000074442818150', 'teacher', 'uncheck', '李老师', '14', '', '2018-05-19 05:41:58', '2018-05-19 05:41:58', '2018-05-19 05:46:16', null, null);
